{
    "Crescent Pike": {
        "eMax": {
            "Petra/Glad": {
                "ATK": 1654.136,
                "HP": 19475.0,
                "normalDMG": 56183.366946716844,
                "eDMG": 20401.201207114755,
                "qDMG": 36028.38100569692,
                "totalDMG": 112612.94915952852,
                "totalSuppDMG": 56429.58221281168,
                "identifier": "atk sands, geo cup, critRATE helm"
            }
        },
        "totalMax": {
            "Glad": {
                "ATK": 1654.136,
                "HP": 19475.0,
                "normalDMG": 90993.0028308034,
                "eDMG": 12624.505697472,
                "qDMG": 22294.7902262976,
                "totalDMG": 125912.29875457298,
                "totalSuppDMG": 34919.2959237696,
                "identifier": "atk sands, phys cup, critRATE helm"
            }
        },
        "totalSuppMax": {
            "Petra/Noblesse": {
                "ATK": 1507.256,
                "HP": 19475.0,
                "normalDMG": 52357.08176658062,
                "eDMG": 19146.537789422597,
                "qDMG": 40845.865137136316,
                "totalDMG": 112349.48469313953,
                "totalSuppDMG": 59992.40292655891,
                "identifier": "atk sands, geo cup, critRATE helm"
            }
        }
    }
}
