{
    "Crescent Pike (R5)": {
        "totalMax": {
            "Glad": {
                "ATK": 1654.136,
                "HP": 19475.0,
                "normalDMG": 148222.94470354426,
                "eDMG": 14844.146096608001,
                "qDMG": 26214.6599037664,
                "totalDMG": 189281.75070391863,
                "totalSuppDMG": 41058.8060003744,
                "identifier": "atk sands, phys cup, critRATE helm"
            }
        },
        "totalSuppMax": {
            "Petra/Noblesse": {
                "ATK": 1507.256,
                "HP": 19475.0,
                "normalDMG": 86379.09240065436,
                "eDMG": 22512.881771468295,
                "qDMG": 48027.38452242229,
                "totalDMG": 156919.35869454494,
                "totalSuppDMG": 70540.26629389059,
                "identifier": "atk sands, geo cup, critRATE helm"
            }
        },
        "eMax": {
            "Petra/Glad": {
                "ATK": 1654.136,
                "HP": 19475.0,
                "normalDMG": 93296.45708182539,
                "eDMG": 23988.140092118534,
                "qDMG": 42362.890404486505,
                "totalDMG": 159647.48757843042,
                "totalSuppDMG": 66351.03049660503,
                "identifier": "atk sands, geo cup, critRATE helm"
            }
        }
    }
}
