{
    "Crescent Pike (R5)": {
        "totalMax": {
            "Glad": {
                "ATK": 1654.136,
                "HP": 19475.0,
                "normalDMG": 126059.21537875218,
                "eDMG": 12624.505697472,
                "qDMG": 22294.7902262976,
                "totalDMG": 160978.51130252177,
                "totalSuppDMG": 34919.2959237696,
                "identifier": "atk sands, phys cup, critRATE helm"
            }
        },
        "totalSuppMax": {
            "Petra/Noblesse": {
                "ATK": 1507.256,
                "HP": 19475.0,
                "normalDMG": 73462.85445167555,
                "eDMG": 19146.537789422597,
                "qDMG": 40845.865137136316,
                "totalDMG": 133455.25737823447,
                "totalSuppDMG": 59992.40292655891,
                "identifier": "atk sands, geo cup, critRATE helm"
            }
        },
        "eMax": {
            "Petra/Glad": {
                "ATK": 1654.136,
                "HP": 19475.0,
                "normalDMG": 79345.86781334614,
                "eDMG": 20401.201207114755,
                "qDMG": 36028.38100569692,
                "totalDMG": 135775.4500261578,
                "totalSuppDMG": 56429.58221281168,
                "identifier": "atk sands, geo cup, critRATE helm"
            }
        }
    }
}
